,role,personal_address,contract_address,add_permissioned_runtime,remove_permissioned_runtime,add_prescription_permissions_runtime,remove_prescription_permissions_runtime,request_fill_runtime,add_permissioned_gas_used,remove_permissioned_gas_used,add_prescription_permissions_gas_used,remove_prescription_permissions_gas_used,request_fill_gas_used,add_permissioned_transactions,remove_permissioned_transactions,add_prescription_permissions_transactions,remove_prescription_permissions_transactions,request_fill_transactions,new_prescription_runtime,refill_prescription_runtime,new_prescription_gas_used,refill_prescription_gas_used,new_prescription_transactions,refill_prescription_transactions,add_prescription_runtime,fill_prescription_runtime,request_refill_runtime,add_prescription_gas_used,fill_prescription_gas_used,request_refill_gas_used,add_prescription_transactions,fill_prescription_transactions,request_refill_transactions
0,patient,0x8a66732d4cA7fcB3DfC1D591b980055D672c3B18,0xB0d08bd392fA6eb85e21349997E361F3e82Cd0Ed,0.04579472541809082,0.0,0.06398630142211914,0.0,0.4851553440093994,44716.0,0.0,53058.0,0.0,289782.0,1.0,0.0,1.0,0.0,9.0,,,,,,,,,,,,,,,
1,patient,0xE9938Db7c8fe1e5a4C5323355C65e6Dc420CD112,0xEa550C503b8C6bf211a5c9dC22858D3B78EeF8C9,0.04729294776916504,0.0,0.06290221214294434,0.0,0.5033543109893799,44716.0,0.0,53070.0,0.0,289890.0,1.0,0.0,1.0,0.0,9.0,,,,,,,,,,,,,,,
2,patient,0x5dac91c9f618B6043B7fad8582B46f8AFC6065D5,0x57CDF1b1A3c1E637E59284ffaca6FBA44Eb757bF,0.04495954513549805,0.0,0.07933259010314941,0.0,0.6093316078186035,44716.0,0.0,53070.0,0.0,289890.0,1.0,0.0,1.0,0.0,9.0,,,,,,,,,,,,,,,
3,patient,0x02983523b9e7B2Cdd23bC8e904ab54d4ADe7A8DF,0x733dc09CBaCa5868b0ce238BDEce9Dd284DA672b,0.047495365142822266,0.0,0.06429052352905273,0.0,0.476792573928833,44716.0,0.0,53070.0,0.0,289890.0,1.0,0.0,1.0,0.0,9.0,,,,,,,,,,,,,,,
4,patient,0x4e3E410C315eA18F99A1618c0067a4398e60EA36,0xa5bcA6fC1563D8f117662514E4b5Ed15d46178bF,0.04668474197387695,0.0,0.06742501258850098,0.0,0.47066569328308105,44716.0,0.0,53070.0,0.0,289890.0,1.0,0.0,1.0,0.0,9.0,,,,,,,,,,,,,,,
5,patient,0x94E07A04685A7b7F51B34253752aE1efa063d324,0x7f989d423cE2957bf95769FE20881650A52aCdb0,0.0483248233795166,0.0,0.06354284286499023,0.0,0.4603116512298584,44704.0,0.0,53070.0,0.0,289890.0,1.0,0.0,1.0,0.0,9.0,,,,,,,,,,,,,,,
6,patient,0x43Fb329696A878451fE626c2186e4EB641a13861,0xefcbf962f6c6E13017E169554313E1Ee49F5ac95,0.04553627967834473,0.0,0.06665253639221191,0.0,0.4528193473815918,44716.0,0.0,53058.0,0.0,289890.0,1.0,0.0,1.0,0.0,9.0,,,,,,,,,,,,,,,
7,patient,0x3c8bc5aFBd5EdA67f73E41F90ad1EE7496B555e7,0xb65356C944D31E06a64BafBA31D0dcDC4Dc9a5Fd,0.045401573181152344,0.0,0.062387704849243164,0.0,0.4503180980682373,44704.0,0.0,53070.0,0.0,289890.0,1.0,0.0,1.0,0.0,9.0,,,,,,,,,,,,,,,
8,patient,0x20F18a3eF660594526DECfCe059CDc9886bA14d9,0x77e2DB76504b04Ba71B0aFa87f2FF9a3A758cC35,0.04727339744567871,0.0,0.06459832191467285,0.0,0.49013471603393555,44716.0,0.0,53070.0,0.0,289890.0,1.0,0.0,1.0,0.0,9.0,,,,,,,,,,,,,,,
9,patient,0xa6e80EEC78B992d783777A344278136f1c554c06,0x6743CaC7Ea30e7a8389687ceCC1db67FAe43dC20,0.046012163162231445,0.0,0.06344985961914062,0.0,0.48895692825317383,44716.0,0.0,53070.0,0.0,289890.0,1.0,0.0,1.0,0.0,9.0,,,,,,,,,,,,,,,
10,patient,0x0d38268FE8e069513d7d7Bdc32C0c419EAb2b6f7,0x5542fAc8A4d2A6514101b058Bb211b4b25142272,0.04824233055114746,0.0,0.06473946571350098,0.0,0.48372673988342285,44716.0,0.0,53070.0,0.0,289890.0,1.0,0.0,1.0,0.0,9.0,,,,,,,,,,,,,,,
11,patient,0x2f8094bc77D3577025e848751Ce37E5a1B7faFA2,0xcDBb5822F5a9689a70B57Bb77Ff5bdFbb69f2e50,0.048674583435058594,0.0,0.06515622138977051,0.0,0.5243816375732422,44716.0,0.0,53058.0,0.0,289782.0,1.0,0.0,1.0,0.0,9.0,,,,,,,,,,,,,,,
12,patient,0x555416A0C76889F75188B5E3b2470Cb606EF02F0,0xe22c7460bDd7dC8EA45c004aFcaF34D404eFD4cA,0.04876089096069336,0.0,0.06360650062561035,0.0,0.5027205944061279,44716.0,0.0,53070.0,0.0,289890.0,1.0,0.0,1.0,0.0,9.0,,,,,,,,,,,,,,,
13,patient,0xcF938506f3D93a721DE91e3279Ab4FF8c7fA48bc,0x26eBcBfe5fD68A1e61d022e62EFc8dd59c22482c,0.053850412368774414,0.0,0.06455755233764648,0.0,0.45290589332580566,44716.0,0.0,53070.0,0.0,289890.0,1.0,0.0,1.0,0.0,9.0,,,,,,,,,,,,,,,
14,patient,0x47d8775D2B181c88518654818E40B196B8B7dBC1,0x49CFDb901Dc1a42d1A912A1798F190541d802111,0.04539608955383301,0.0,0.06456947326660156,0.0,0.46193456649780273,44716.0,0.0,53058.0,0.0,289890.0,1.0,0.0,1.0,0.0,9.0,,,,,,,,,,,,,,,
15,patient,0x59bD002B66dC363025aC86774815706d1F040843,0x3daD04D87341412c9F3Fc97B36224877A79b85cb,0.04684329032897949,0.0,0.06258630752563477,0.0,0.4592127799987793,44716.0,0.0,53070.0,0.0,289890.0,1.0,0.0,1.0,0.0,9.0,,,,,,,,,,,,,,,
16,patient,0x3DE210dD9504d41E282914d367604084137db863,0x150aCA557806e8DEe0134A29DE426162e7194B7f,0.045099735260009766,0.0,0.06224632263183594,0.0,0.4495553970336914,44704.0,0.0,53070.0,0.0,289890.0,1.0,0.0,1.0,0.0,9.0,,,,,,,,,,,,,,,
17,patient,0xfe95BdD319F4295B9532FB2C147836c71B25e244,0x60FFf565976841D8fFbB3509d32EB5F721161242,0.0493161678314209,0.0,0.06441211700439453,0.0,0.5637834072113037,44716.0,0.0,53058.0,0.0,289890.0,1.0,0.0,1.0,0.0,9.0,,,,,,,,,,,,,,,
18,patient,0xa230Fa26849574B74f3b01643eCfc509e91039a0,0xbC95bAa2b29668239C56Cc5EEAb8ceBc005ACbE9,0.045087575912475586,0.0,0.06327486038208008,0.0,0.5350737571716309,44716.0,0.0,53070.0,0.0,289890.0,1.0,0.0,1.0,0.0,9.0,,,,,,,,,,,,,,,
19,patient,0x4f58E90E8D804B0E23d4ee34b148b85432a965C8,0x42f2Aa1345e0E1FE22eA1093e9F52c6F0d07D8Cb,0.045328617095947266,0.0,0.06317663192749023,0.0,0.5235397815704346,44716.0,0.0,53070.0,0.0,289890.0,1.0,0.0,1.0,0.0,9.0,,,,,,,,,,,,,,,
20,patient,0x63f2A191c8F021Dea740Ef8c84387201F09b68DC,0x94420cEf3Df1946f30527CD48DADCdf75818FEc7,0.045588016510009766,0.0,0.06263089179992676,0.0,0.5280907154083252,44716.0,0.0,53070.0,0.0,289890.0,1.0,0.0,1.0,0.0,9.0,,,,,,,,,,,,,,,
21,patient,0xA24eb13E5825FdBd7405319Baed83ccB4cB9d6FB,0x000d54470ADd39D1fd69c9e6cF459cb83b59ee93,0.04557085037231445,0.0,0.0644674301147461,0.0,0.5302934646606445,44716.0,0.0,53070.0,0.0,289890.0,1.0,0.0,1.0,0.0,9.0,,,,,,,,,,,,,,,
22,patient,0x9E6857F9934FF48E5Bbb68715dC5A7B17AC94AbD,0x6dfA849284Ba0A122d0f5dfb83A11F0fc9749ab4,0.04547286033630371,0.0,0.06370019912719727,0.0,0.49305200576782227,44716.0,0.0,53070.0,0.0,289890.0,1.0,0.0,1.0,0.0,9.0,,,,,,,,,,,,,,,
23,patient,0x9E616Abf3232f35C193252ee82A941e721b9a069,0xE8f20F2f0173E5b9f2eFAB42479432fa7BA46595,0.04655599594116211,0.0,0.06235098838806152,0.0,0.46207499504089355,44716.0,0.0,53070.0,0.0,289890.0,1.0,0.0,1.0,0.0,9.0,,,,,,,,,,,,,,,
24,patient,0x07CC099bA2aa93127Fb12E671ae4e4dC4fd2a56e,0xA56ec0eAE01C78aE9650f71d2D67df6f340dd356,0.0449070930480957,0.0,0.06199145317077637,0.0,0.45485973358154297,44716.0,0.0,53070.0,0.0,289890.0,1.0,0.0,1.0,0.0,9.0,,,,,,,,,,,,,,,
25,patient,0xEd8DDdd663B0e686421Ade74f9d49084Dc6Ae44a,0xeC005efDD20Dfc8ac8C5aB0f936e3ba52De6aD15,0.04528474807739258,0.0,0.06380081176757812,0.0,0.49340343475341797,44716.0,0.0,53070.0,0.0,289890.0,1.0,0.0,1.0,0.0,9.0,,,,,,,,,,,,,,,
26,patient,0x0C0e008162a42624876a58829A6110C7de48cB06,0x244a574B5100131EaE15001d92F5A39234677b3f,0.04544186592102051,0.0,0.06222724914550781,0.0,0.48016834259033203,44716.0,0.0,53070.0,0.0,289890.0,1.0,0.0,1.0,0.0,9.0,,,,,,,,,,,,,,,
27,patient,0x3D80A6448aEC4e5bC4f570941AbE29B7fB24Cc11,0x0244dB8c9b874f0F6BfFDFa880F77149982019Ae,0.04488658905029297,0.0,0.06275248527526855,0.0,0.45299291610717773,44716.0,0.0,53058.0,0.0,289782.0,1.0,0.0,1.0,0.0,9.0,,,,,,,,,,,,,,,
28,patient,0x2280a06af50fE9BE4e69D530fa47AcA4e4605820,0x5c745fF4a83D65978fDB91dAc54e5BaB54964751,0.04692482948303223,0.0,0.06361055374145508,0.0,0.5283048152923584,44716.0,0.0,53058.0,0.0,289890.0,1.0,0.0,1.0,0.0,9.0,,,,,,,,,,,,,,,
29,patient,0x1c7777F64EA64D630Da00a20d39C8b4c8c2e92aA,0x67099A30A3a7aBD44DA5c924F8BeeDc7CD1D115C,0.04582858085632324,0.0,0.06314373016357422,0.0,0.46912527084350586,44716.0,0.0,53070.0,0.0,289890.0,1.0,0.0,1.0,0.0,9.0,,,,,,,,,,,,,,,
30,patient,0xE0c6133Fb0528ac2E420A309319f5820a79E0c6D,0x1F83D82c595142d3F94b9beFc89fc28f9C84AC8A,0.04595446586608887,0.0,0.06209683418273926,0.0,0.46541261672973633,44716.0,0.0,53070.0,0.0,289890.0,1.0,0.0,1.0,0.0,9.0,,,,,,,,,,,,,,,
31,patient,0x4e3633DDc2af1814808B4294182B0B20838a5cbD,0x1a03e2573304a86D614b517976ed96EFe2f73aC7,0.04544830322265625,0.0,0.06417131423950195,0.0,0.46959519386291504,44716.0,0.0,53070.0,0.0,289890.0,1.0,0.0,1.0,0.0,9.0,,,,,,,,,,,,,,,
32,patient,0x87ab8EB51C1ee5E209969649FFb165C2Eb8C5FAe,0x3eD3D3d1cB66F5b33949DE02D11D217832daB005,0.045929908752441406,0.0,0.06250405311584473,0.0,0.45359039306640625,44716.0,0.0,53070.0,0.0,289890.0,1.0,0.0,1.0,0.0,9.0,,,,,,,,,,,,,,,
33,patient,0x9440CaC9BC0347e8849fd61D9f2e66c81E72559E,0x772Dc240B0fbe8E09b955073F824A958F7D455d5,0.04532575607299805,0.0,0.06228327751159668,0.0,0.45000386238098145,44716.0,0.0,53070.0,0.0,289890.0,1.0,0.0,1.0,0.0,9.0,,,,,,,,,,,,,,,
34,patient,0x0286623149aa33f8DDfaFC9a21D97BE4ee83B0b7,0x0752ae51a563b6890cE12A2f92b146041d812112,0.04482841491699219,0.0,0.06159806251525879,0.0,0.4440767765045166,44716.0,0.0,53058.0,0.0,289890.0,1.0,0.0,1.0,0.0,9.0,,,,,,,,,,,,,,,
35,patient,0xAF6bC20Beb0Ea14666e43D99c48014fBa63741d0,0xf600F3Ad7449410D9c767e376624D8f9e46FFdcd,0.0449981689453125,0.0,0.06456446647644043,0.0,0.45386767387390137,44716.0,0.0,53070.0,0.0,289890.0,1.0,0.0,1.0,0.0,9.0,,,,,,,,,,,,,,,
36,patient,0x7928f58C127b76732DC2e8cC4d55091FE808b95c,0xf539a445035A4DCdF6C7A92e0c95af6daeBd99BB,0.04486250877380371,0.0,0.06364893913269043,0.0,0.4903411865234375,44716.0,0.0,53070.0,0.0,289890.0,1.0,0.0,1.0,0.0,9.0,,,,,,,,,,,,,,,
37,patient,0x60FFF556fBDD422187cfE83D2E51dB5EE1689415,0x5B386541da64F46BA55a3F802BcFD7b770688673,0.0465998649597168,0.0,0.06351637840270996,0.0,0.5191199779510498,44716.0,0.0,53070.0,0.0,289890.0,1.0,0.0,1.0,0.0,9.0,,,,,,,,,,,,,,,
38,patient,0xbe8116b8c1759EF53E6430331E88509D6d4013a0,0x12A32D5Fbdf702D10fAfb90127835a41241A4dC8,0.04528093338012695,0.0,0.061373233795166016,0.0,0.525629997253418,44716.0,0.0,53070.0,0.0,289890.0,1.0,0.0,1.0,0.0,9.0,,,,,,,,,,,,,,,
39,patient,0x4BF89e42bdfEa3fC2b5F2a95Cb4A960fB545D800,0x22eA3c11DFebdf8D60De392282Ab88f23516dD7d,0.04555010795593262,0.0,0.06412649154663086,0.0,0.4488561153411865,44716.0,0.0,53070.0,0.0,289890.0,1.0,0.0,1.0,0.0,9.0,,,,,,,,,,,,,,,
40,patient,0x4E232c99Eeb8F8966F3f79fc2850A914eeb8803E,0xB9b237A1D0DAbFD7F7E0309Af9c9c76854892D74,0.05439329147338867,0.0,0.06418919563293457,0.0,0.4524683952331543,44716.0,0.0,53070.0,0.0,289890.0,1.0,0.0,1.0,0.0,9.0,,,,,,,,,,,,,,,
41,patient,0xF7Bab1bC2fA1B1884cb04fE51724517bBF080528,0xeFb01fE1EC39A1a6c00C55ED45A90d08980b7540,0.04515552520751953,0.0,0.06423377990722656,0.0,0.5085253715515137,44716.0,0.0,53070.0,0.0,289890.0,1.0,0.0,1.0,0.0,9.0,,,,,,,,,,,,,,,
42,patient,0x8f3fa3167B0Ae046d632E82292b5C192c085F73A,0x6E74305c67E57023A432E0812E979efcde2645F7,0.04487729072570801,0.0,0.06264781951904297,0.0,0.5153305530548096,44716.0,0.0,53070.0,0.0,289890.0,1.0,0.0,1.0,0.0,9.0,,,,,,,,,,,,,,,
43,patient,0x494AA358fB071DffdBc2abe623e98364A59272ab,0xf4f25961F4fC57f81c58792049997d5f2b9096cE,0.04531979560852051,0.0,0.06365227699279785,0.0,0.540963888168335,44716.0,0.0,53070.0,0.0,289890.0,1.0,0.0,1.0,0.0,9.0,,,,,,,,,,,,,,,
44,patient,0x9B52F0645597a3FDD17FD937479A3f6710e80BED,0xED3d6447544547E5dbA18889B53f81d128a289dB,0.04632759094238281,0.0,0.06351923942565918,0.0,0.5421850681304932,44716.0,0.0,53070.0,0.0,289890.0,1.0,0.0,1.0,0.0,9.0,,,,,,,,,,,,,,,
45,patient,0x8456f7669d03C174BD82dDC8D595a03f765F95fd,0x07116963e99869F6ddb93bB261ca3B6a8b2f0fab,0.04499459266662598,0.0,0.08647418022155762,0.0,0.46825623512268066,44716.0,0.0,53070.0,0.0,289890.0,1.0,0.0,1.0,0.0,9.0,,,,,,,,,,,,,,,
46,patient,0xDd56B36b45A61AB7Ca80f951a5A971be1b8D3C03,0x49518d5BdEe3Defa7224A47454fb9bfd97E82155,0.047138214111328125,0.0,0.0650334358215332,0.0,0.5134248733520508,44716.0,0.0,53070.0,0.0,289890.0,1.0,0.0,1.0,0.0,9.0,,,,,,,,,,,,,,,
47,patient,0x5a28ba63569B8642AdF14C767159231Ce7CF7D4d,0xC7EB38dAb541418Fe888835e725909360770C0f0,0.04567408561706543,0.0,0.06383705139160156,0.0,0.46520209312438965,44716.0,0.0,53070.0,0.0,289890.0,1.0,0.0,1.0,0.0,9.0,,,,,,,,,,,,,,,
48,patient,0x11A969CC03051928B2DB2ae89436C7b7c5584B7A,0xb35841A500DaAB55494aAC2c85550264c331A334,0.04970693588256836,0.0,0.06316137313842773,0.0,0.46560049057006836,44716.0,0.0,53070.0,0.0,289890.0,1.0,0.0,1.0,0.0,9.0,,,,,,,,,,,,,,,
49,patient,0x0408419C336D4F2dbf173Ce13a7aa56D5360CF71,0x57bd9F5A0c4604D561b0a0335EE9043B3593E3DE,0.045113563537597656,0.0,0.06235694885253906,0.0,0.4491751194000244,44716.0,0.0,53070.0,0.0,289890.0,1.0,0.0,1.0,0.0,9.0,,,,,,,,,,,,,,,
50,patient,0x4d1b8ceA002D10A7DFCD693058B35Cd716d3c355,0xE24bC49A74B49FfA7a38955644634b8D9fF7f9F5,0.04477715492248535,0.0,0.06311154365539551,0.0,0.4543790817260742,44716.0,0.0,53070.0,0.0,289890.0,1.0,0.0,1.0,0.0,9.0,,,,,,,,,,,,,,,
51,patient,0x408a87121F5FA40F18983AA3C5a343b43B44009F,0x6c731B6BB6C1c57A707318036172980DA91A186C,0.04423689842224121,0.0,0.06499695777893066,0.0,0.4423561096191406,44716.0,0.0,53070.0,0.0,289890.0,1.0,0.0,1.0,0.0,9.0,,,,,,,,,,,,,,,
52,patient,0xfd4839AEc9dd5C9a33f69e08664884539e311F58,0xe2ed05dc749edA09E3A9ae8bb51BF7B7675B1F0A,0.045113563537597656,0.0,0.06228017807006836,0.0,0.5119705200195312,44716.0,0.0,53070.0,0.0,289890.0,1.0,0.0,1.0,0.0,9.0,,,,,,,,,,,,,,,
53,patient,0xe51F6B7FeCd27F642644Ad06aEEAbE1E97c811af,0xdDf6B4D563F41F476522F7eb7eeB0e5DA1F36cb5,0.04436230659484863,0.0,0.06274247169494629,0.0,0.4539616107940674,44716.0,0.0,53070.0,0.0,289890.0,1.0,0.0,1.0,0.0,9.0,,,,,,,,,,,,,,,
54,patient,0x5EfBC8cCCBc7fBDBeFF83a0e0874cdd438fC2a59,0x490CB96120fa64A88C6f6747CEF482ceE0AbB76c,0.04513216018676758,0.0,0.06255125999450684,0.0,0.4600033760070801,44716.0,0.0,53070.0,0.0,289890.0,1.0,0.0,1.0,0.0,9.0,,,,,,,,,,,,,,,
55,patient,0x9F8FBf088D5193bCe86d5CF6D847dD4dcc40fBa2,0x5c708E1B9e2BD9333AAdC24f67bE67da31175CC2,0.04519033432006836,0.0,0.06303238868713379,0.0,0.5657472610473633,44716.0,0.0,53070.0,0.0,289890.0,1.0,0.0,1.0,0.0,9.0,,,,,,,,,,,,,,,
56,patient,0xF051226fcF52b2d59D74883f6c2ce29A5CF3D4e4,0x542D19e96Adb2158b827b6484B238B86276faBa3,0.04637503623962402,0.0,0.06087923049926758,0.0,0.46096134185791016,44716.0,0.0,53070.0,0.0,289890.0,1.0,0.0,1.0,0.0,9.0,,,,,,,,,,,,,,,
57,patient,0x1DC9b9C398b8dec9c8CcaA7c3A42f9a3411dAdc4,0xd66b991086a97AbddF67B11Ae5F2Fb9b29dc397D,0.04446911811828613,0.0,0.06391024589538574,0.0,0.5103178024291992,44716.0,0.0,53070.0,0.0,289890.0,1.0,0.0,1.0,0.0,9.0,,,,,,,,,,,,,,,
58,patient,0xF496D36a3e2d52dfE1DD8440a7dF51FcBCdb45A6,0xc84315f336F4C71BE9cFdE2842Ef5a0434f15Bb4,0.045128583908081055,0.0,0.061334848403930664,0.0,0.5094141960144043,44716.0,0.0,53070.0,0.0,289890.0,1.0,0.0,1.0,0.0,9.0,,,,,,,,,,,,,,,
59,patient,0x2696762EA048BE3E7A768f866E96F346B1155a40,0xfBC8ea6de88ea9d0cA2BAaCCF4AE48c7E26D3228,0.045391082763671875,0.0,0.06426358222961426,0.0,0.48386621475219727,44704.0,0.0,53070.0,0.0,289890.0,1.0,0.0,1.0,0.0,9.0,,,,,,,,,,,,,,,
60,patient,0x72a696ed1380DA4f97716Df1eb0a2F51FA2F8225,0x170910Dca1af3A236d8928342c1f7887202EF323,0.0439150333404541,0.0,0.06188201904296875,0.0,0.5398032665252686,44716.0,0.0,53058.0,0.0,289782.0,1.0,0.0,1.0,0.0,9.0,,,,,,,,,,,,,,,
61,patient,0x6F83B8710441008e6DEF6b32Ccc53Af6db8738E0,0x73a762065130E77B2e6827E23F4826eE95116631,0.04422307014465332,0.0,0.06362056732177734,0.0,0.4482588768005371,44716.0,0.0,53070.0,0.0,289890.0,1.0,0.0,1.0,0.0,9.0,,,,,,,,,,,,,,,
62,patient,0xF2B5851E63B167925c468d9B4aad363211653a86,0x069dF3056215ccaaEf5160a63E9A443d7be48768,0.04564499855041504,0.0,0.06190681457519531,0.0,0.453937292098999,44716.0,0.0,53058.0,0.0,289890.0,1.0,0.0,1.0,0.0,9.0,,,,,,,,,,,,,,,
63,patient,0x9fE5134a0d86F243E8c5D812A41c38763E0dD496,0x5a7C844314B8F109929bf0Bc71aAc6692EC412fc,0.07590079307556152,0.0,0.06279301643371582,0.0,0.45256900787353516,44716.0,0.0,53070.0,0.0,289890.0,1.0,0.0,1.0,0.0,9.0,,,,,,,,,,,,,,,
64,patient,0x08D583A24921fCdc1b0c6276D5AdC98a698bC319,0x5Fec8a40CdA65E09ad69ca631E72e3e56d20f61B,0.044489383697509766,0.0,0.07480835914611816,0.0,0.4525432586669922,44704.0,0.0,53070.0,0.0,289890.0,1.0,0.0,1.0,0.0,9.0,,,,,,,,,,,,,,,
65,patient,0x799cE726Ce2c04708D4609DC19cC97Ec837FC6b0,0x2fD735cB52429b188EbFfD4DB793d0DbC931c21D,0.045796871185302734,0.0,0.06228303909301758,0.0,0.448408842086792,44716.0,0.0,53070.0,0.0,289890.0,1.0,0.0,1.0,0.0,9.0,,,,,,,,,,,,,,,
66,patient,0x0D64ddd8541592572f1aE7F5f38FC2C957a93E36,0x6c930D1944C47C7a51Cb406834eE3bcf154e2775,0.04445195198059082,0.0,0.061429500579833984,0.0,0.45109057426452637,44716.0,0.0,53070.0,0.0,289890.0,1.0,0.0,1.0,0.0,9.0,,,,,,,,,,,,,,,
67,patient,0x676AE6510ECd445549FFA1974bEadA105e0DA4f7,0xcce5Da83A233d32349b04C781e0728E515BC5E32,0.04506325721740723,0.0,0.06328177452087402,0.0,0.48687005043029785,44716.0,0.0,53070.0,0.0,289890.0,1.0,0.0,1.0,0.0,9.0,,,,,,,,,,,,,,,
68,patient,0xac24aC1E5568D833859fe3843D727273e6633Ea8,0x413446A1F7c7Ef10a64d2d9365B515C6b009aB7B,0.04527854919433594,0.0,0.06358504295349121,0.0,0.4512331485748291,44716.0,0.0,53058.0,0.0,289890.0,1.0,0.0,1.0,0.0,9.0,,,,,,,,,,,,,,,
69,patient,0xfECDFD565d595Ad8e10e9dBbC15BC023D3aA3262,0x3F64d553fEEbE48aa63e5F820fE9C87eE5483799,0.04530930519104004,0.0,0.06177568435668945,0.0,0.478731632232666,44716.0,0.0,53070.0,0.0,289890.0,1.0,0.0,1.0,0.0,9.0,,,,,,,,,,,,,,,
70,patient,0xDc3aF74602939F54DDBBBcd34Fb7d94Bc96Be077,0xe20f65e9Cc5D30D3e793B4Fd912068FA89Bd869A,0.05414748191833496,0.0,0.06151986122131348,0.0,0.4726090431213379,44716.0,0.0,53070.0,0.0,289890.0,1.0,0.0,1.0,0.0,9.0,,,,,,,,,,,,,,,
71,patient,0xb56cdBfEABe617541f53d0805CAC931a8C2504F9,0x97fd3903412F129577FD6FC31142f6edB7728bc5,0.044957876205444336,0.0,0.06277275085449219,0.0,0.4911210536956787,44716.0,0.0,53070.0,0.0,289890.0,1.0,0.0,1.0,0.0,9.0,,,,,,,,,,,,,,,
72,patient,0x569AEcefc088BD66c88D002e4361B5476AB4ed25,0xcCfd5D66EC104c86632778FB98AD588A50C17f35,0.04474234580993652,0.0,0.06408882141113281,0.0,0.4941065311431885,44704.0,0.0,53070.0,0.0,289890.0,1.0,0.0,1.0,0.0,9.0,,,,,,,,,,,,,,,
73,patient,0x4E0b0a149C00e91d097189D2caC3665aE62DBa19,0x9209141Fc4FD25DA89548498d649971A38a7f130,0.04491710662841797,0.0,0.06150698661804199,0.0,0.4805281162261963,44716.0,0.0,53070.0,0.0,289890.0,1.0,0.0,1.0,0.0,9.0,,,,,,,,,,,,,,,
74,patient,0xD54C2389AFFDEf2be1b00619B435B5b68b57Ad8c,0x6fc0e1FB6b002623cACA12A59A542eBCe9b9ef20,0.04945516586303711,0.0,0.06272768974304199,0.0,0.48155760765075684,44716.0,0.0,53070.0,0.0,289890.0,1.0,0.0,1.0,0.0,9.0,,,,,,,,,,,,,,,
75,patient,0x5B46dE8471BfFFB264057EDb73D49d96535aBe2e,0xbA1baA2a4B659A71769d99d77d3E41e4029060f1,0.04388999938964844,0.0,0.05998945236206055,0.0,0.5067908763885498,44692.0,0.0,53070.0,0.0,289890.0,1.0,0.0,1.0,0.0,9.0,,,,,,,,,,,,,,,
76,patient,0x488Fa62973Ffb2720089200359F909Aa1F49Deee,0xA83bDc79ABD79cd06c76d91E9FA19782Dd64EC8f,0.045777320861816406,0.0,0.06328105926513672,0.0,0.4650838375091553,44716.0,0.0,53070.0,0.0,289890.0,1.0,0.0,1.0,0.0,9.0,,,,,,,,,,,,,,,
77,patient,0xdf2C75539e27611d3F82cCc7AA401f188c4130eb,0xaf9f95ADaAc5011C50DF78DeD79e1606403547b4,0.04396653175354004,0.0,0.07854652404785156,0.0,0.46501588821411133,44716.0,0.0,53070.0,0.0,289890.0,1.0,0.0,1.0,0.0,9.0,,,,,,,,,,,,,,,
78,patient,0xcefd27d0963f9DDA46E191F251e64F65cb31cee2,0xFf11CB89145551889ED2Cf9F1213556d8AD15eBF,0.043842315673828125,0.0,0.06538128852844238,0.0,0.46073126792907715,44716.0,0.0,53070.0,0.0,289890.0,1.0,0.0,1.0,0.0,9.0,,,,,,,,,,,,,,,
79,patient,0xB87aCD911504137866583097831d85306DC9EB0B,0x8CEEF992bb7a718E8c1d107B3e6973003c893396,0.044844865798950195,0.0,0.06219005584716797,0.0,0.4925055503845215,44716.0,0.0,53070.0,0.0,289890.0,1.0,0.0,1.0,0.0,9.0,,,,,,,,,,,,,,,
80,patient,0x8a62E1d4C05e6f9C2155D695d56A292DFEa1cb9f,0x96E6ab134388641152027015f1864A48951B902B,0.04572319984436035,0.0,0.06253290176391602,0.0,0.5054786205291748,44716.0,0.0,53070.0,0.0,289890.0,1.0,0.0,1.0,0.0,9.0,,,,,,,,,,,,,,,
81,patient,0x226Bb1A8DCC7950c797B2c39a1b573701eDC6014,0x4650B391e5Cac94FA42071e458db7A0593e4c0D3,0.04703164100646973,0.0,0.0633399486541748,0.0,0.516294002532959,44716.0,0.0,53070.0,0.0,289890.0,1.0,0.0,1.0,0.0,9.0,,,,,,,,,,,,,,,
82,patient,0x5E48482eDFCEF37BBd63463f6196994C842dB45d,0xEb3F65b0709691cC92264d2eE2293474178e0b91,0.09555268287658691,0.0,0.0646517276763916,0.0,0.5032997131347656,44716.0,0.0,53070.0,0.0,289890.0,1.0,0.0,1.0,0.0,9.0,,,,,,,,,,,,,,,
83,patient,0xA78967021A51216d281efA32113dFa22bE6d43cf,0x1A5Ff265A35Eed359Ef79f0d36bd7bb09Fb842dc,0.045146942138671875,0.0,0.06235980987548828,0.0,0.5199112892150879,44716.0,0.0,53070.0,0.0,289890.0,1.0,0.0,1.0,0.0,9.0,,,,,,,,,,,,,,,
84,patient,0x1f65B2e68952EB3Af6f1387aD93136Ddd229e1AC,0x9337802C9296A4e740c08103Ce90056Ec01142D7,0.046514272689819336,0.0,0.06568741798400879,0.0,0.5782802104949951,44716.0,0.0,53058.0,0.0,289890.0,1.0,0.0,1.0,0.0,9.0,,,,,,,,,,,,,,,
85,patient,0xc70101FC0b1838261C671b2F3a50081411f9Ee2f,0xBFe7Eb837d47B5502481740C202Dc89Ec4a4a41f,0.04509472846984863,0.0,0.06304144859313965,0.0,0.611644983291626,44716.0,0.0,53070.0,0.0,289890.0,1.0,0.0,1.0,0.0,9.0,,,,,,,,,,,,,,,
86,patient,0x0dBD70247C15dBc00cD153BEA91FF14d8d94f850,0x77bd8c7e82613B411D4D5a193369c9bcA0511313,0.04420161247253418,0.0,0.06273293495178223,0.0,0.4891176223754883,44716.0,0.0,53070.0,0.0,289890.0,1.0,0.0,1.0,0.0,9.0,,,,,,,,,,,,,,,
87,patient,0xBFc50E3dee155107c91114199f32bf96eb730205,0xb0e405C38823214dEBeF51605205CA70eE581521,0.04430079460144043,0.0,0.060962677001953125,0.0,0.46285200119018555,44716.0,0.0,53070.0,0.0,289890.0,1.0,0.0,1.0,0.0,9.0,,,,,,,,,,,,,,,
88,patient,0xb784860e10806a4DEbD7601EC92154ab66d45d0B,0xD3f16bf0B29cCC6DE0c9BF80f8ac87e5d6D64Ad1,0.04426002502441406,0.0,0.062896728515625,0.0,0.5665507316589355,44716.0,0.0,53070.0,0.0,289890.0,1.0,0.0,1.0,0.0,9.0,,,,,,,,,,,,,,,
89,patient,0x23b5DB21cfB1FD1D0a6C249C3e4d0c9e1A7fceDF,0x2B7e3e64350da2550Aaf26255Ba2AA93f1B2F399,0.04438519477844238,0.0,0.061890602111816406,0.0,0.5232765674591064,44716.0,0.0,53070.0,0.0,289890.0,1.0,0.0,1.0,0.0,9.0,,,,,,,,,,,,,,,
90,patient,0x576365dAc497d48D17689EA56b4aB2bAf4E9D54f,0xAE823B105c771e58459a20457F64612ADe72797E,0.044979095458984375,0.0,0.08300447463989258,0.0,0.4910910129547119,44692.0,0.0,53070.0,0.0,289890.0,1.0,0.0,1.0,0.0,9.0,,,,,,,,,,,,,,,
91,patient,0xf7766E40Fcb74FDFC9E1960272f89Bd0880c7633,0xbDEc8f724b88CF8C594968E227FD1a0117564E91,0.050421714782714844,0.0,0.061540842056274414,0.0,0.5612068176269531,44716.0,0.0,53058.0,0.0,289782.0,1.0,0.0,1.0,0.0,9.0,,,,,,,,,,,,,,,
92,patient,0x9e6C30E8795b1A7078224F0689D1aBF63Cc5BD97,0x3BAA6692502c72FDfe770Dd8557b7f114a16C85e,0.04633045196533203,0.0,0.06185007095336914,0.0,0.5233738422393799,44716.0,0.0,53070.0,0.0,289890.0,1.0,0.0,1.0,0.0,9.0,,,,,,,,,,,,,,,
93,patient,0x25837F43aD1C0233e0597dAf112Ad64dc097bD43,0xc8aD8C5fC7364bfDa05f4C63e81ddb7E92913bbC,0.044599056243896484,0.0,0.06233572959899902,0.0,0.4961411952972412,44716.0,0.0,53058.0,0.0,289890.0,1.0,0.0,1.0,0.0,9.0,,,,,,,,,,,,,,,
94,patient,0x1613E475B5E23FAA9ae4c523D214ce0a6837F91B,0x4b1089163853D6691dCF61c93117939b8A48c857,0.0824284553527832,0.0,0.06312990188598633,0.0,0.5817852020263672,44716.0,0.0,53070.0,0.0,289890.0,1.0,0.0,1.0,0.0,9.0,,,,,,,,,,,,,,,
95,patient,0x0616404962934FcAAe5259Ff3D90952B60c695e2,0xE3555f47f4D67E683fc1CfC19c32A44f3893c57F,0.04446268081665039,0.0,0.06149554252624512,0.0,0.5400755405426025,44716.0,0.0,53070.0,0.0,289890.0,1.0,0.0,1.0,0.0,9.0,,,,,,,,,,,,,,,
96,patient,0xe237F6627b758C83807Ac9A32057B57fBFf104B6,0xcaD58820F8EEEcE7B14f87e353b350ee1450445E,0.04418754577636719,0.0,0.06138753890991211,0.0,0.48928308486938477,44716.0,0.0,53070.0,0.0,289890.0,1.0,0.0,1.0,0.0,9.0,,,,,,,,,,,,,,,
97,patient,0x53869aaF8f7deCB3ee578E90258370292cc5Dc5a,0xD5119bFa2d259138c4f78d25e9D63F4FBF19f795,0.06977677345275879,0.0,0.062033653259277344,0.0,0.49561524391174316,44716.0,0.0,53070.0,0.0,289890.0,1.0,0.0,1.0,0.0,9.0,,,,,,,,,,,,,,,
98,patient,0xd34417B5B5DF4238E7964dA42fCACEb998BF3e98,0xdaA30E25eA206D8f4c1dC8291aFFb6346d9AdF67,0.0462188720703125,0.0,0.12518000602722168,0.0,0.46437525749206543,44716.0,0.0,53070.0,0.0,289890.0,1.0,0.0,1.0,0.0,9.0,,,,,,,,,,,,,,,
99,patient,0xF5BC059e89219E0Fcc59700d2B948356141D2365,0x479E9E0BC22E8db777708847467cfa13e9EF0877,0.046482086181640625,0.0,0.08745527267456055,0.0,0.45948100090026855,44716.0,0.0,53070.0,0.0,289890.0,1.0,0.0,1.0,0.0,9.0,,,,,,,,,,,,,,,
100,patient,0xCd29632c0e4e496053F72d42F5463F5161AEc181,0x03b3D4dA1bA4C77e84cd84A216bd412ad1b12F6A,0.04894137382507324,0.0,0.06251859664916992,0.0,0.46100807189941406,44716.0,0.0,53058.0,0.0,289890.0,1.0,0.0,1.0,0.0,9.0,,,,,,,,,,,,,,,
101,patient,0x86BbF3114Bcaf5890383044aBbE5BF5478F476E1,0x7f9f337c82D63089C11dc83ACe90A78C2da8ec89,0.04543018341064453,0.0,0.06261920928955078,0.0,0.4619605541229248,44716.0,0.0,53070.0,0.0,289890.0,1.0,0.0,1.0,0.0,9.0,,,,,,,,,,,,,,,
102,patient,0x80311663f75392B10874a7bf51686c15561cd58c,0x1Bf6f1AF9081709fFeb1e8E5CbD89E0f064aD3b1,0.04698538780212402,0.0,0.06259751319885254,0.0,0.5376663208007812,44716.0,0.0,53070.0,0.0,289890.0,1.0,0.0,1.0,0.0,9.0,,,,,,,,,,,,,,,
103,patient,0xbFd0dB11a7912c41299dD3a10a6dBcc943C3eAc1,0xe0085b4fBEC2ddd9068E23fD49355FBeAE5052cF,0.04526376724243164,0.0,0.06175065040588379,0.0,0.5320272445678711,44692.0,0.0,53070.0,0.0,289890.0,1.0,0.0,1.0,0.0,9.0,,,,,,,,,,,,,,,
104,patient,0x855B6Cd368111dc1df018807717F97Fe827232c4,0x7793D593d04c97d72869C170b69a078B0Aa1188B,0.04814863204956055,0.0,0.06179642677307129,0.0,0.4952428340911865,44692.0,0.0,53070.0,0.0,289890.0,1.0,0.0,1.0,0.0,9.0,,,,,,,,,,,,,,,
105,patient,0xFe32311c3a632C3D370F16C805D4627ba0AcA5c9,0x5A36aEcCcFaA49aF753c1D07BE85e6dDb3360CD5,0.04474139213562012,0.0,0.06272768974304199,0.0,0.47028207778930664,44716.0,0.0,53070.0,0.0,289890.0,1.0,0.0,1.0,0.0,9.0,,,,,,,,,,,,,,,
106,patient,0xA31a9a9Da9Ef214328c84c4898f5AF7039c5FF15,0xc8d431B856C8c80729a8Dc25171b9cD592cb53f7,0.04853177070617676,0.0,0.08397841453552246,0.0,0.4568748474121094,44692.0,0.0,53070.0,0.0,289890.0,1.0,0.0,1.0,0.0,9.0,,,,,,,,,,,,,,,
107,patient,0xBd1971ac30B9c6441170F12989e1b64b82B854D2,0x0B11F9b1cfceDd15fb6ACe1e8e876b43Df7f6EBF,0.044637203216552734,0.0,0.05996298789978027,0.0,0.47805356979370117,44716.0,0.0,53070.0,0.0,289890.0,1.0,0.0,1.0,0.0,9.0,,,,,,,,,,,,,,,
108,patient,0xD28982a45f713Db92F9287aFDA5fb5D2cc958A08,0x226f8044A3A0b9b9D6727649ef9E755DF159F4ee,0.0463106632232666,0.0,0.06192135810852051,0.0,0.48482656478881836,44716.0,0.0,53070.0,0.0,289890.0,1.0,0.0,1.0,0.0,9.0,,,,,,,,,,,,,,,
109,patient,0xbB4DF46145b6DaD193caaFe31FE711DbdC58E30B,0x4BA1F71d5DC0e238f9443CB681C5191bc70092E3,0.04422879219055176,0.0,0.06292605400085449,0.0,0.4849817752838135,44716.0,0.0,53070.0,0.0,289890.0,1.0,0.0,1.0,0.0,9.0,,,,,,,,,,,,,,,
110,patient,0x6Ac50e8169856Cb3Ad0e6061354222A9824410ad,0x1d69324546849edd520C40044cFBa8121CdCa4Ad,0.04483771324157715,0.0,0.06177020072937012,0.0,0.5061402320861816,44716.0,0.0,53070.0,0.0,289890.0,1.0,0.0,1.0,0.0,9.0,,,,,,,,,,,,,,,
111,patient,0xfee36a9Deb0FC6AB47C48fEab4d0a850dBD85E73,0x1Eb3A9225080593dC6C3556c50467c353b5B92Ee,0.0455622673034668,0.0,0.0617828369140625,0.0,0.45673322677612305,44716.0,0.0,53070.0,0.0,289890.0,1.0,0.0,1.0,0.0,9.0,,,,,,,,,,,,,,,
112,patient,0x6B8a4bDE7cb688e77297195124Fb81C1916E88fA,0x26C5AFEEC65f9aB5693bcaE7F98790FE38f68Fb3,0.0634605884552002,0.0,0.06158852577209473,0.0,0.47505617141723633,44716.0,0.0,53070.0,0.0,289890.0,1.0,0.0,1.0,0.0,9.0,,,,,,,,,,,,,,,
113,patient,0x9778B24886D1531a34Cf72C3665ce7fF9Ec9125f,0x6b279bb8ceAd6f236751563e6d361B617a5aD802,0.056696176528930664,0.0,0.06169009208679199,0.0,0.45784735679626465,44716.0,0.0,53070.0,0.0,289890.0,1.0,0.0,1.0,0.0,9.0,,,,,,,,,,,,,,,
114,patient,0xed35122990ea46EAC8D162d4449D6141144950B0,0xA8f4D5DAA4c9eC71FA6D21E55436aA2a69efE071,0.04511260986328125,0.0,0.06329536437988281,0.0,0.49256396293640137,44716.0,0.0,53058.0,0.0,289782.0,1.0,0.0,1.0,0.0,9.0,,,,,,,,,,,,,,,
115,patient,0xe10B2ABC83179E0597C7AbADee79C801E41FA304,0x9F3Ad0143b8bfd38F67AD0573ec1E7dc722AAA85,0.04410219192504883,0.0,0.061037302017211914,0.0,0.4596085548400879,44716.0,0.0,53070.0,0.0,289890.0,1.0,0.0,1.0,0.0,9.0,,,,,,,,,,,,,,,
116,patient,0x3cBc40C4fdda6CbF6D525A663D23Dc323B503F16,0x4240faAddEaB19f7CB8d4ACB897bBA9043B1fcC0,0.05242800712585449,0.0,0.0628817081451416,0.0,0.49629712104797363,44716.0,0.0,53070.0,0.0,289890.0,1.0,0.0,1.0,0.0,9.0,,,,,,,,,,,,,,,
117,patient,0x5fED07875d11bA5C747EffC818Af99818306327e,0x882324df638b796136F8452Bb3219282e05a82c5,0.04438304901123047,0.0,0.06321907043457031,0.0,0.4502885341644287,44716.0,0.0,53070.0,0.0,289890.0,1.0,0.0,1.0,0.0,9.0,,,,,,,,,,,,,,,
118,patient,0x51AB5f27CF628118A3eB8d4239FCA4c74f51df26,0x99530A08ea97Ebd2797594CB0bE31508D29ab92E,0.04382443428039551,0.0,0.06278777122497559,0.0,0.44928908348083496,44716.0,0.0,53070.0,0.0,289890.0,1.0,0.0,1.0,0.0,9.0,,,,,,,,,,,,,,,
119,patient,0xff06b987afae23eA8E3643095779833309398bB5,0xa32A705a90c72c9cD79E6Cc14eDbA77233F9A1C0,0.04390120506286621,0.0,0.06201457977294922,0.0,0.4493129253387451,44716.0,0.0,53070.0,0.0,289890.0,1.0,0.0,1.0,0.0,9.0,,,,,,,,,,,,,,,
120,patient,0x6B330C9CcfA8720cF2CDFe8041baC9F46d7E12ae,0x9C4fd39965093b624F5d075aB40E87B51C1Da52E,0.04432511329650879,0.0,0.06301069259643555,0.0,0.45789527893066406,44716.0,0.0,53070.0,0.0,289890.0,1.0,0.0,1.0,0.0,9.0,,,,,,,,,,,,,,,
121,patient,0x6245CC620B2E2c336b73FF4613211080AEc1A0B6,0x737AC5Cd78ccAB2C27Dc73EA7FEe21B22C8989f6,0.04700303077697754,0.0,0.0646522045135498,0.0,0.4494922161102295,44716.0,0.0,53070.0,0.0,289890.0,1.0,0.0,1.0,0.0,9.0,,,,,,,,,,,,,,,
122,patient,0x28B4cf92757841ce483A13A15fE7AfeEf8ceD125,0xfa23f208CFc836ea458A75D554e3A72d7b3049F3,0.04564476013183594,0.0,0.06228065490722656,0.0,0.45384836196899414,44716.0,0.0,53070.0,0.0,289890.0,1.0,0.0,1.0,0.0,9.0,,,,,,,,,,,,,,,
123,patient,0xaEe2ED623E000e6494F54Fa653d64675eEda9A44,0xbfA465b8dAf53cC2299838Ae60F1bd5FfEa09eCb,0.04506182670593262,0.0,0.062015533447265625,0.0,0.45746469497680664,44716.0,0.0,53070.0,0.0,289890.0,1.0,0.0,1.0,0.0,9.0,,,,,,,,,,,,,,,
124,patient,0x8bAb02FE95ba7cDbE6A935E3Fa17A6aE1B2877E3,0x65429b418259f5E52960464F9D47b7FDAC5db6B1,0.09042859077453613,0.0,0.06235980987548828,0.0,0.47922229766845703,44716.0,0.0,53070.0,0.0,289890.0,1.0,0.0,1.0,0.0,9.0,,,,,,,,,,,,,,,
125,patient,0xD400FEcF2f4125AE67154eFaEF5EFb33f720Fb80,0x00f48e3CbC9B559CC3F0d110bb5EBEEBe8cc01B6,0.04366564750671387,0.0,0.06308794021606445,0.0,0.4730243682861328,44716.0,0.0,53058.0,0.0,289890.0,1.0,0.0,1.0,0.0,9.0,,,,,,,,,,,,,,,
126,patient,0x525cc1aA4B43844571C77ad6ABf3f10969e5a2E0,0x124c82f71a3d5cD89d07A4C305e034f8F8bC10D2,0.04451894760131836,0.0,0.06220388412475586,0.0,0.4575645923614502,44716.0,0.0,53070.0,0.0,289890.0,1.0,0.0,1.0,0.0,9.0,,,,,,,,,,,,,,,
127,patient,0x038D5ed8CED31D78BFf72F82a1CB64db095DeA1d,0x86721CD7A56289C04AE88987dc831231FA1Ee1fB,0.04463315010070801,0.0,0.06291365623474121,0.0,0.4578850269317627,44716.0,0.0,53070.0,0.0,289890.0,1.0,0.0,1.0,0.0,9.0,,,,,,,,,,,,,,,
128,patient,0xB35AB5b5A7c2a2841463e7B7d5081638Ad98EF12,0x48CF2ff66CA4be87Fdef531029256949149b036c,0.0448451042175293,0.0,0.10176610946655273,0.0,0.4872138500213623,44716.0,0.0,53058.0,0.0,289782.0,1.0,0.0,1.0,0.0,9.0,,,,,,,,,,,,,,,
129,patient,0x44F90485699ce5094746310a7Ed8ED27Abe6c6B8,0x4C516Ac646102c8db90aB755D8330B89D39640f8,0.044350385665893555,0.0,0.0619511604309082,0.0,0.4700014591217041,44716.0,0.0,53070.0,0.0,289890.0,1.0,0.0,1.0,0.0,9.0,,,,,,,,,,,,,,,
130,patient,0xD543C7e1025d8b9e2Ad5164453d3153472bE4ca7,0xd34ddfbf75E9D5da5596B1C85e30F1006e8B8F81,0.045827388763427734,0.0,0.0623469352722168,0.0,0.49674129486083984,44716.0,0.0,53070.0,0.0,289890.0,1.0,0.0,1.0,0.0,9.0,,,,,,,,,,,,,,,
131,patient,0x97036E35aabae14134D79107C7a3405fE8e85E62,0xE16f33Da960bF164CeD961Ee7d3d837cB5B5EE94,0.04642486572265625,0.0,0.0617833137512207,0.0,0.44731807708740234,44716.0,0.0,53070.0,0.0,289890.0,1.0,0.0,1.0,0.0,9.0,,,,,,,,,,,,,,,
132,patient,0x28839B4cfEd106846918eEaaE1B287E4475700aA,0xD640D776766269a33f847cec04016f61ed30726E,0.04492020606994629,0.0,0.06107497215270996,0.0,0.5385684967041016,44716.0,0.0,53070.0,0.0,289890.0,1.0,0.0,1.0,0.0,9.0,,,,,,,,,,,,,,,
133,patient,0x0169EA478f426B369176507698720D60e74BF46a,0x7a70BBA947e3BcDA0a463c460fE44f91C18ce050,0.04463624954223633,0.0,0.06213712692260742,0.0,0.5711610317230225,44716.0,0.0,53070.0,0.0,289890.0,1.0,0.0,1.0,0.0,9.0,,,,,,,,,,,,,,,
134,patient,0xc1bD4D1141b0A1062c7b2DB4c88632d4993237F0,0x928Eb83F3194A3aDc77AbE5D3a4A5680EebA48b9,0.0439457893371582,0.0,0.06165122985839844,0.0,0.5102770328521729,44716.0,0.0,53070.0,0.0,289890.0,1.0,0.0,1.0,0.0,9.0,,,,,,,,,,,,,,,
135,patient,0xd7b0323885DA08B3DB8e6ec81E33BCAFf8DFB92d,0xaa3C0bd9C0E6fB61aC3F4e239d33b5Dd4b8A1C35,0.043894052505493164,0.0,0.06130576133728027,0.0,0.5111823081970215,44716.0,0.0,53058.0,0.0,289890.0,1.0,0.0,1.0,0.0,9.0,,,,,,,,,,,,,,,
136,patient,0x2E9951ff8615cC89f8015E0B679C0BA2c4e838f6,0xeF7F09C17b2043A9e061E940b780Ce39934B4D92,0.04720735549926758,0.0,0.06328201293945312,0.0,0.521254301071167,44716.0,0.0,53070.0,0.0,289890.0,1.0,0.0,1.0,0.0,9.0,,,,,,,,,,,,,,,
137,patient,0xc5111F2A2Bc21660e57E1181440436988860a4FC,0x41dbC5BF70032234c34e8F7180d262049dCA31B1,0.04424786567687988,0.0,0.06084442138671875,0.0,0.4906327724456787,44716.0,0.0,53070.0,0.0,289890.0,1.0,0.0,1.0,0.0,9.0,,,,,,,,,,,,,,,
138,patient,0x74E0fcA7146f14fe641821FEF3e5Dea52948745a,0x214F05e71A2585A8fB00787Ac5Bf6eaf617968F3,0.04412436485290527,0.0,0.06138420104980469,0.0,0.5241303443908691,44716.0,0.0,53058.0,0.0,289782.0,1.0,0.0,1.0,0.0,9.0,,,,,,,,,,,,,,,
139,patient,0xC262B35201fcAAF60233E24f1d83294b0e681751,0xA9C84d2Bfb31789506F936E8624d5B4c18163394,0.04501199722290039,0.0,0.06283950805664062,0.0,0.5628950595855713,44716.0,0.0,53070.0,0.0,289890.0,1.0,0.0,1.0,0.0,9.0,,,,,,,,,,,,,,,
140,patient,0xf51014AF0D5E85559Cad3252a8C02340cC6b9D08,0x811924f5C6890c5291102Cfe3691dBc428E83DEF,0.044454097747802734,0.0,0.06137967109680176,0.0,0.5324244499206543,44716.0,0.0,53070.0,0.0,289890.0,1.0,0.0,1.0,0.0,9.0,,,,,,,,,,,,,,,
141,patient,0x441506D6c2a65Fa3f22f49435864433E441563e6,0xACd0f6122A135224c71C41600dC09Bb4782ef6fA,0.04436969757080078,0.0,0.06496095657348633,0.0,0.49952006340026855,44716.0,0.0,53070.0,0.0,289890.0,1.0,0.0,1.0,0.0,9.0,,,,,,,,,,,,,,,
142,patient,0x81d19816eBb6247f836e38D9d22503aB8a7BDd5C,0xAd082De05Be5B0949464A69eD6914b9b0ccaDc41,0.05067896842956543,0.0,0.06122255325317383,0.0,0.47873449325561523,44716.0,0.0,53070.0,0.0,289890.0,1.0,0.0,1.0,0.0,9.0,,,,,,,,,,,,,,,
143,patient,0x981d1Df9Ee0ca27a89F8B60b86fF59344FB8AA4C,0xe74c864906a61A369c45B6601941Eb26186f5436,0.043448686599731445,0.0,0.060515403747558594,0.0,0.4933593273162842,44716.0,0.0,53070.0,0.0,289890.0,1.0,0.0,1.0,0.0,9.0,,,,,,,,,,,,,,,
144,patient,0x03e5Bb6EE34F7c180c7B568bC02F06eb88A02394,0xA67e90cF30D321A57d61754fB3F8c484d879d89d,0.04490470886230469,0.0,0.06376910209655762,0.0,0.48329758644104004,44716.0,0.0,53058.0,0.0,289890.0,1.0,0.0,1.0,0.0,9.0,,,,,,,,,,,,,,,
145,patient,0x49DD09E1B515d938c71da7B79df415893d4893a4,0x833352c0F26c03076A21682Bcc6B69715AfebE69,0.04401135444641113,0.0,0.0636451244354248,0.0,0.48874402046203613,44716.0,0.0,53070.0,0.0,289890.0,1.0,0.0,1.0,0.0,9.0,,,,,,,,,,,,,,,
146,patient,0x0c1C928F935e209A96A751045c88E5C40087F9d2,0x4Fb71914aa34f2BbBDb7C90Aa7F1A202E543A636,0.044492244720458984,0.0,0.06268882751464844,0.0,0.49386167526245117,44716.0,0.0,53070.0,0.0,289890.0,1.0,0.0,1.0,0.0,9.0,,,,,,,,,,,,,,,
147,patient,0x8c86c720d771fC88359a4884Cb35CA7964E7C841,0x545FcaB93Ee10A41EEd6cF2b407cCD7084A3A505,0.04441094398498535,0.0,0.06484055519104004,0.0,0.45788121223449707,44716.0,0.0,53070.0,0.0,289890.0,1.0,0.0,1.0,0.0,9.0,,,,,,,,,,,,,,,
148,patient,0x50420228c56621290aB6106737Fa06CA07f8b72a,0x768Ed0acEc2DaC27786D57898aB4f9679908fDfB,0.09658432006835938,0.0,0.06149625778198242,0.0,0.453092098236084,44716.0,0.0,53070.0,0.0,289890.0,1.0,0.0,1.0,0.0,9.0,,,,,,,,,,,,,,,
149,patient,0x15a9FD69486D868AC8Ed98972B8498FB64879616,0x868FA5D37117793b1Ead468d74967e7aB9993949,0.04499506950378418,0.0,0.09821701049804688,0.0,0.5182778835296631,44716.0,0.0,53058.0,0.0,289890.0,1.0,0.0,1.0,0.0,9.0,,,,,,,,,,,,,,,
150,prescriber,0x85ac27bE0e1a361Efe19273Ad243C8282e1971e1,0x11aEA7E566cbAdd60aBbeDf88CB6F1F9E356e3C0,,,,,,,,,,,,,,,,0.45287036895751953,0.21381163597106934,4895832.0,152208.0,4.0,4.0,,,,,,,,,
151,prescriber,0xD515faC5b714Df00BB12752aea027C3Fd7756CB6,0x19C8407aF27CA88Dd569541913e145374001471a,,,,,,,,,,,,,,,,0.0,0.0,0.0,0.0,0.0,0.0,,,,,,,,,
152,prescriber,0x1591EbC41AE55c7e2B96db335E55E8C7eA24Daef,0x2dAaa060f29278d8255183cE84059a2D752cCc8d,,,,,,,,,,,,,,,,0.10479021072387695,0.05579662322998047,1235208.0,38055.0,1.0,1.0,,,,,,,,,
153,prescriber,0x6FE7AcDd3E6F118Ef219266E131612AAC19cFf07,0x4f1ce9d0815b9aC1507D357E869089Fa74F591CE,,,,,,,,,,,,,,,,0.10283446311950684,0.05329704284667969,1235208.0,38055.0,1.0,1.0,,,,,,,,,
154,prescriber,0x161C679D2D726c2218B310633692D42736AAEa8E,0x79d7f1Fc4Be3D58d72344284c20866E4E4f6Fe67,,,,,,,,,,,,,,,,0.10784006118774414,0.054022789001464844,1235208.0,38055.0,1.0,1.0,,,,,,,,,
155,prescriber,0xB579c9587cc8250b9B4C9dAb174b37E6d631C3cD,0x743877009E87Ba4d7f75B09d6684A908F1e02f4e,,,,,,,,,,,,,,,,0.32513856887817383,0.15900659561157227,3675624.0,114165.0,3.0,3.0,,,,,,,,,
156,prescriber,0x36D0bb293a1238A99C4c2b646b6d675904AD7fa8,0x982696302BFB0c9A1248effA8787f9A185a11FB2,,,,,,,,,,,,,,,,0.20844364166259766,0.1059427261352539,2455416.0,76110.0,2.0,2.0,,,,,,,,,
157,prescriber,0xb567A5548771Baa0003F0d9b29774701B87B93fB,0xb225b070e14F4a7941897B3887ceF26dF64c5035,,,,,,,,,,,,,,,,0.22442269325256348,0.10766935348510742,2455416.0,76110.0,2.0,2.0,,,,,,,,,
158,prescriber,0x2978Bbc320f182AB5AAA782806Cf987Aec8AF3B7,0x9A471B239578327264dD861055e54BCE25f9bb4E,,,,,,,,,,,,,,,,0.1055610179901123,0.0532991886138916,1235208.0,38055.0,1.0,1.0,,,,,,,,,
159,prescriber,0xA782EC4670c26db0a92f95c65FcF0aef5e1036D7,0x8B832725ED5798aacb2E534eE836CEE43B0FDa7E,,,,,,,,,,,,,,,,0.31739282608032227,0.1682422161102295,3675624.0,114165.0,3.0,3.0,,,,,,,,,
160,prescriber,0xA12C0fc1B6DD5Ad7177184715073DCCab4f9e50B,0xEd40Ce66EF22e30C2E13E29294e65cb56eC51D16,,,,,,,,,,,,,,,,0.2129652500152588,0.10559678077697754,2455416.0,76110.0,2.0,2.0,,,,,,,,,
161,prescriber,0x4e25ce3396817B1f14f62d08F3D8BcB39e1C0134,0x4f0bb9F4d256e648F28733D095B7CDCe9f002e87,,,,,,,,,,,,,,,,0.10696077346801758,0.05427384376525879,1235208.0,38055.0,1.0,1.0,,,,,,,,,
162,prescriber,0x2833A8fe4BeAe7DE0bC08A12041d370cfE061901,0x7455c577b1Bd1fdd65D47e03beb44eE130Ee0463,,,,,,,,,,,,,,,,0.1039574146270752,0.05420064926147461,1235208.0,38055.0,1.0,1.0,,,,,,,,,
163,prescriber,0x2f4e611dAA137B387D8BEA99947A3feD47d1d759,0x18a61edCcC271B974172BA0A0Bae6f73E7fecB0F,,,,,,,,,,,,,,,,0.10608506202697754,0.052829742431640625,1235208.0,38055.0,1.0,1.0,,,,,,,,,
164,prescriber,0xeebE702D0CB592aeBE77f97f5C3987605Db36659,0x1E6d3bADd4eFbD4E683Dce7E71623c26F3f49c84,,,,,,,,,,,,,,,,0.10200786590576172,0.05228281021118164,1235208.0,38055.0,1.0,1.0,,,,,,,,,
165,prescriber,0x2B94fDe2ef00F3BCc41ab62C45d29f7126a4ad9d,0x3b86e8e17bFbcf97cFa63B13823970Bc6C0fcccA,,,,,,,,,,,,,,,,0.20432329177856445,0.10799956321716309,2455416.0,76110.0,2.0,2.0,,,,,,,,,
166,prescriber,0xa8B4dA0F051C9e8f91E6d9604d6826d926747Ef2,0xae698E184Fe66378CA2DFa158515C81f8657d6bD,,,,,,,,,,,,,,,,0.0,0.0,0.0,0.0,0.0,0.0,,,,,,,,,
167,prescriber,0x9ab064861904227E5925705a9C7ed214aF2C2098,0xB2698824E4adbcaDCfd741beE4BDf9BfAa2aeC37,,,,,,,,,,,,,,,,0.10492849349975586,0.05375313758850098,1235208.0,38055.0,1.0,1.0,,,,,,,,,
168,prescriber,0x5A139c2aFB6242aed7F06aa17C7520BA9549f286,0x85BB6D5ceE903B3f2481E220bAA65A68489AB138,,,,,,,,,,,,,,,,0.3266899585723877,0.23620247840881348,3675624.0,114165.0,3.0,3.0,,,,,,,,,
169,prescriber,0x908d48E57b542bfF5261CF621630112Cda0F4EcD,0x061e693A58a048063577F5c30BAC92A74A53299B,,,,,,,,,,,,,,,,0.10459566116333008,0.05462145805358887,1235208.0,38055.0,1.0,1.0,,,,,,,,,
170,prescriber,0x56C895671A922B1D6887dcDd96fdD44FCC853c44,0x0d8b62A866771B06Ce081DEa3ed76CDFc0c882c6,,,,,,,,,,,,,,,,0.20984435081481934,0.10625147819519043,2455416.0,76110.0,2.0,2.0,,,,,,,,,
171,prescriber,0xaCca8c99A3AD38Dc0F9E3EacDf72dd9d7229Be73,0x5fAb8B54b8D1B8c7F89aC2c89AFFC5e9434741Be,,,,,,,,,,,,,,,,0.21236467361450195,0.15159177780151367,2455416.0,76110.0,2.0,2.0,,,,,,,,,
172,prescriber,0x91dfD4f54C5202D3830B13Cf0eF3F5e04F7F8b60,0x030635C3c3e455eCFcccc8eF90FEA4e793607F91,,,,,,,,,,,,,,,,0.0,0.0,0.0,0.0,0.0,0.0,,,,,,,,,
173,prescriber,0x754673FdC51BE569CD194EC5984FC180Bb01bA9C,0x08049f044c65EE2C343E13526Fc7B8a059cbA82A,,,,,,,,,,,,,,,,0.4189627170562744,0.21482467651367188,4895808.0,152208.0,4.0,4.0,,,,,,,,,
174,prescriber,0x558a16D430BeE692ec8161405416b29A3d76Dd54,0x714eDFDCA899f451D9758b21CeB687EcDde6a572,,,,,,,,,,,,,,,,0.3144502639770508,0.1590259075164795,3675624.0,114165.0,3.0,3.0,,,,,,,,,
175,prescriber,0x45641F306c5992aFC4a97536849BefC447fcd3fa,0xB1AE522874E75b3e1A6f672Cc30955BB44A727D7,,,,,,,,,,,,,,,,0.0,0.0,0.0,0.0,0.0,0.0,,,,,,,,,
176,prescriber,0x876735f293bfaadCBb81B209Eb46Edf5c459B119,0xD764af59884950D2947E8fD23831B8D5fF5d3225,,,,,,,,,,,,,,,,0.3150947093963623,0.203169584274292,3675612.0,114165.0,3.0,3.0,,,,,,,,,
177,prescriber,0x80968F78ECcc1850d0bF1eb406C4c5098922fEEB,0xD8AFd4A5a4AA9a5b0AD9aAB20e2920CC7e6fc4D7,,,,,,,,,,,,,,,,0.10079240798950195,0.05552506446838379,1235208.0,38055.0,1.0,1.0,,,,,,,,,
178,prescriber,0xC786Cf8311F6795E63Aea7b1501aDfC750053e14,0x892779554fBA194c71A8c5E6407e3a6EA71F97AD,,,,,,,,,,,,,,,,0.31943511962890625,0.16281533241271973,3675624.0,114165.0,3.0,3.0,,,,,,,,,
179,prescriber,0x2A8D075e1E560469D1AED5EF4939B730E077E4d2,0x0719B8f3d7b0b214733749eF1ae703Dc3f6dFE9c,,,,,,,,,,,,,,,,0.20460224151611328,0.10526037216186523,2455416.0,76110.0,2.0,2.0,,,,,,,,,
180,prescriber,0x1128Dfe64334018266b56FE537745FE17049Cd17,0xC1b7B93BbeA3eaa5AD81856bf10ab256904ab52c,,,,,,,,,,,,,,,,0.0,0.0,0.0,0.0,0.0,0.0,,,,,,,,,
181,prescriber,0xBCF351960250A4a5A9FbDbe0C087b7F0007d88D7,0x4C77dF35Ec2d46022dfe996F2bc038246EeeF61D,,,,,,,,,,,,,,,,0.0,0.0,0.0,0.0,0.0,0.0,,,,,,,,,
182,prescriber,0xF4B31d752d8957db90A7076Cd434C76adaf36F72,0xA8695fa0b28ef4a323b7fB11c6eE81D71Fe44a43,,,,,,,,,,,,,,,,0.42680788040161133,0.2896146774291992,4895832.0,152220.0,4.0,4.0,,,,,,,,,
183,prescriber,0xF4F21eC05E391bc025ddBD408BBACdE039d82cB8,0x8BB357D437631B4f83795bB65E894D72ae3cF51E,,,,,,,,,,,,,,,,0.45288872718811035,0.22783470153808594,4895832.0,152220.0,4.0,4.0,,,,,,,,,
184,prescriber,0xBBE3b790f76Bb68d15B7e53983111C30eB5b20D6,0x0c5c6A21Ab35D40419C4a864E078F30dEe70b841,,,,,,,,,,,,,,,,0.4491713047027588,0.3115508556365967,4895832.0,152220.0,4.0,4.0,,,,,,,,,
185,prescriber,0x52Ceb3168904220Fd8E8a2848F29e0f5FF4e1266,0xaBb4aa03f3e0A92D5310c7d7C2A984782F55F472,,,,,,,,,,,,,,,,0.10555362701416016,0.06550860404968262,1235208.0,38055.0,1.0,1.0,,,,,,,,,
186,prescriber,0x6588f6e25A39e37C8Db759B934a8647aA95e81cf,0xA60a21e442fF1bC24224C219EF1d66f1d4a07e69,,,,,,,,,,,,,,,,0.31482362747192383,0.16086339950561523,3675624.0,114165.0,3.0,3.0,,,,,,,,,
187,prescriber,0x738A03740D062D88Be326b2c33FE99624cf98feb,0xb13dece69530E5204CCee57F3163A8A2321D0101,,,,,,,,,,,,,,,,0.0,0.0,0.0,0.0,0.0,0.0,,,,,,,,,
188,prescriber,0x30786e9B923e2692aefeb3539B56a35eaf9334b8,0x86f1A2961666382E72083B3E4a293b73B7616A22,,,,,,,,,,,,,,,,0.20334696769714355,0.10589599609375,2455416.0,76110.0,2.0,2.0,,,,,,,,,
189,prescriber,0x24Fd86597c6e54418Dd46011A0EA3778399B2f89,0x07f76d16970F4984706b1e052bE9e446F8e04019,,,,,,,,,,,,,,,,0.23373961448669434,0.10694456100463867,2455416.0,76098.0,2.0,2.0,,,,,,,,,
190,prescriber,0x1F6e672353998B51D2D9181D1A662F6B97E4E69b,0x596b09883071bf5dFDE0B03E6648D28f1948A3d2,,,,,,,,,,,,,,,,0.3263280391693115,0.1689145565032959,3675624.0,114165.0,3.0,3.0,,,,,,,,,
191,prescriber,0xd2c9D35C0dB97f43A3BC47e0675C6a74D64Df0F9,0x477fAe0522FE9eDf7163e1F79B8C80d2A136912D,,,,,,,,,,,,,,,,0.10309576988220215,0.05254626274108887,1235208.0,38055.0,1.0,1.0,,,,,,,,,
192,prescriber,0xA829aCe59efec8CE5a3b264d165c0f7D54BB7619,0x358c9Ff4d522487C31415b2abfacafEF30b8884F,,,,,,,,,,,,,,,,0.3200657367706299,0.16152453422546387,3675612.0,114165.0,3.0,3.0,,,,,,,,,
193,prescriber,0x9adcFec087a2a4EF0126dB8FA0465A8eb130fB67,0xd555CfFCc7c4c9f9a52F111a80BD02f93C3c9C34,,,,,,,,,,,,,,,,0.10732245445251465,0.05444598197937012,1235208.0,38055.0,1.0,1.0,,,,,,,,,
194,prescriber,0xAB992DE7c73a9473EC1DEa6A1c60853187db2d90,0xa58AA70f2B3e65fAE34D0060bBaA136f00a2a84d,,,,,,,,,,,,,,,,0.5283000469207764,0.2819185256958008,6116040.0,190275.0,5.0,5.0,,,,,,,,,
195,prescriber,0x18C0Df62434011A1f79c321FCB61BF01Ac32e735,0x45D5c493889699C5e077F481a72a75298baBF8d2,,,,,,,,,,,,,,,,0.1033470630645752,0.05381321907043457,1235208.0,38055.0,1.0,1.0,,,,,,,,,
196,prescriber,0x8C69734FA86b5d4c65D34CFB9A7f420f1bA29A3C,0xf632AD838de92744B914d86c5d2f006776BeF54e,,,,,,,,,,,,,,,,0.21307706832885742,0.10645008087158203,2455416.0,76110.0,2.0,2.0,,,,,,,,,
197,prescriber,0xFE547568754e65f2e66fa76F95B1a4551d6B2bC8,0x3e4b9d3917090873662179179C9B8e27693860c5,,,,,,,,,,,,,,,,0.32257843017578125,0.1608262062072754,3675612.0,114165.0,3.0,3.0,,,,,,,,,
198,prescriber,0xD52C423e9741006a17F0bd19f50DE303787DAf58,0x990219BA3Fc9a63CE576AfE004f4e9382B4F3C79,,,,,,,,,,,,,,,,0.2221388816833496,0.13636207580566406,2455416.0,76110.0,2.0,2.0,,,,,,,,,
199,prescriber,0x2c395150872F4b2fF7D25A32fA691380c74257BE,0x8e1B923395F8C54be0D7AD6cF92d37F9A6702a03,,,,,,,,,,,,,,,,0.31060051918029785,0.22919273376464844,3675612.0,114165.0,3.0,3.0,,,,,,,,,
200,prescriber,0x4aaB8DE458D2c0eEf45B6C6688CF3921ea4FE73C,0x82bC754112a24A7Ae70bA121bB24Bb43Abe97c6F,,,,,,,,,,,,,,,,0.0,0.0,0.0,0.0,0.0,0.0,,,,,,,,,
201,prescriber,0x859FeE80cd9C1C0894Deba1BEAa6DbCbfd0A2382,0xD7eDc43378e713bC288BDcf3E0E7C16746Bdc8B8,,,,,,,,,,,,,,,,0.10378599166870117,0.07326030731201172,1235208.0,38055.0,1.0,1.0,,,,,,,,,
202,prescriber,0x8f90Ba295ADafAB95e9096D93aC0DCD1E6cD7594,0xEAe0d9Ed9A0413c79c5eAce8D6e189398c43e095,,,,,,,,,,,,,,,,0.4154636859893799,0.21490883827209473,4895832.0,152220.0,4.0,4.0,,,,,,,,,
203,prescriber,0x1042c1252A6A969181824B8668871Ef7de7Bf520,0x5FDc6e34E9A56F9C75f6F20C84Fc291C218ed639,,,,,,,,,,,,,,,,0.22088170051574707,0.1119990348815918,2455416.0,76110.0,2.0,2.0,,,,,,,,,
204,prescriber,0x506EFe7E6E5199991B763942b749570522023c7C,0x6168b8662048a3F70C1B0100cbe589DE6f6AB6D4,,,,,,,,,,,,,,,,0.0,0.0,0.0,0.0,0.0,0.0,,,,,,,,,
205,prescriber,0xA31f9ce32c7486E8c2F75e7efAeBBAD9cd9ac953,0x14fe507A447F920BbB0e4284244FbE01eE4994a9,,,,,,,,,,,,,,,,0.21066832542419434,0.13250946998596191,2455404.0,76110.0,2.0,2.0,,,,,,,,,
206,prescriber,0x26d6b09715C2C87D513bE3e73E8B7D6bc86BE7cc,0x944564379277E6Da9B662efB59F1CED17eCB47d4,,,,,,,,,,,,,,,,0.21556806564331055,0.13190197944641113,2455416.0,76098.0,2.0,2.0,,,,,,,,,
207,prescriber,0xBB3c8aaf98b3bbC3300F80b49F7f1f1323b54F1C,0x468AB5c1424f62d4cF10aBb511E27516C8924Aa1,,,,,,,,,,,,,,,,0.10474872589111328,0.0531926155090332,1235208.0,38055.0,1.0,1.0,,,,,,,,,
208,prescriber,0x81E6c3DD83505ec7D680c42b61710181638Af9cE,0x87Ff52232df1E84c31420A31EBdD34C43EB8E578,,,,,,,,,,,,,,,,0.21650218963623047,0.16431450843811035,2455416.0,76110.0,2.0,2.0,,,,,,,,,
209,prescriber,0x3A48D7952261bB1922077cE729522ddbb435E2af,0x73c808C07a47f0cC09f93d9A9B554753dD32E1b2,,,,,,,,,,,,,,,,0.3113412857055664,0.21361017227172852,3675624.0,114165.0,3.0,3.0,,,,,,,,,
210,prescriber,0x269D1AC15340Bb7AC0c5b556F00f9B4D0FEAA4bf,0xeFbC93aeB5427CeE163EdD298C1cA99C025D1502,,,,,,,,,,,,,,,,0.3252289295196533,0.2159423828125,3675624.0,114153.0,3.0,3.0,,,,,,,,,
211,prescriber,0xa331BFf9576dE8A33e7Bfb44D3fbF1a0B3206f5A,0xe6f6a826522CA9BBFe4804A5fCFe529F0F217383,,,,,,,,,,,,,,,,0.5243234634399414,0.2997562885284424,6116040.0,190263.0,5.0,5.0,,,,,,,,,
212,prescriber,0xFb61fB078dF904Ad5C77c283472823373bb488D3,0xd85fE4e2fb2eea9e6D4e457e3c3249D6a65BfE32,,,,,,,,,,,,,,,,0.34288573265075684,0.1596364974975586,3675624.0,114165.0,3.0,3.0,,,,,,,,,
213,prescriber,0xa06f2067F64070c4C7337a5E4951d5C2E38B432E,0x9E2ED15A246C8323d4E055c5354Ab75c9811Ae4c,,,,,,,,,,,,,,,,0.3079109191894531,0.16298604011535645,3675624.0,114165.0,3.0,3.0,,,,,,,,,
214,prescriber,0xfc00Cbc4414E8cF4d1Ba0e74a4Ee5654e90791A7,0x01e7797aCA794CB945f27B0FEA3551167C72bc8C,,,,,,,,,,,,,,,,0.3209359645843506,0.17299151420593262,3675600.0,114165.0,3.0,3.0,,,,,,,,,
215,prescriber,0xdB60F71F7BE86Cb260f9A97a7895053aE137c734,0x8D65b5387Fac4042FA9B923643CEE4384467E1c2,,,,,,,,,,,,,,,,0.3185386657714844,0.1657109260559082,3675612.0,114165.0,3.0,3.0,,,,,,,,,
216,prescriber,0x7410041F7a49eCF4eBd42a56D862F1F34B9A124e,0x6f28675775Dc51C16b790d47301E9cfBEd5eDE75,,,,,,,,,,,,,,,,0.21772146224975586,0.1062617301940918,2455416.0,76110.0,2.0,2.0,,,,,,,,,
217,prescriber,0x6D2639aC3d0Cd52bD175469494e6B7B4D8146a75,0xb5b85e84351482660e38b2A0642A75b532fcF9c2,,,,,,,,,,,,,,,,0.10255050659179688,0.053521156311035156,1235196.0,38043.0,1.0,1.0,,,,,,,,,
218,prescriber,0x56FBdE534be6D6DAD1401aD6756C6D692d14e91b,0x037AF3Ca1D3F8007E8Bb0e6d4AE307B7b0109980,,,,,,,,,,,,,,,,0.0,0.0,0.0,0.0,0.0,0.0,,,,,,,,,
219,prescriber,0x6604d94464ACFBFa37b2c8BA66BC18cE5b33283A,0xF0b6f77A6aE1570B1b0cD25e57a839edb8069dB3,,,,,,,,,,,,,,,,0.45159459114074707,0.2546205520629883,4895832.0,152220.0,4.0,4.0,,,,,,,,,
220,prescriber,0xe9ddc1771828196B60222ddcc8b46025C730ce4D,0xE4e4a77A22381591E95998D6680DF4f731B317f0,,,,,,,,,,,,,,,,0.32146453857421875,0.15714097023010254,3675600.0,114165.0,3.0,3.0,,,,,,,,,
221,prescriber,0x977476ae94eA5549c346B47BfEb76Af1f4FDF8E7,0x6C47C6c3181c6d7e0A57bdbD674A19F165652C75,,,,,,,,,,,,,,,,0.20364785194396973,0.10751199722290039,2455416.0,76098.0,2.0,2.0,,,,,,,,,
222,prescriber,0x04415Ea0f3Cd07A610Fd19B16b22eE0C03Caf696,0x073ae6015005633bF4C82815275eCf5c85EB81B0,,,,,,,,,,,,,,,,0.22609686851501465,0.10709714889526367,2455416.0,76110.0,2.0,2.0,,,,,,,,,
223,prescriber,0x1dd551BEaaFfaf92C8494B9f329Ab5d89fDEd8f8,0xB631a8Bff78A16B8d257c0558462701e0FD6DCeB,,,,,,,,,,,,,,,,0.3133728504180908,0.16130852699279785,3675612.0,114165.0,3.0,3.0,,,,,,,,,
224,prescriber,0x1Ea99E39E33Bf364b07E28d676f7798dcA16c25e,0x7a4C30d5B6C8cAC0f4F34662B3CeDfa81bE784d7,,,,,,,,,,,,,,,,0.10461664199829102,0.053084611892700195,1235208.0,38055.0,1.0,1.0,,,,,,,,,
225,pharmacy,0x25489235247b8171bB9edc54DA85cb8C12239453,0xdaF8d608224cC399f518428691992A4f1EC04d12,,,,,,,,,,,,,,,,,,,,,,0.4596872329711914,4.0694661140441895,0.38844871520996094,683654.0,2524284.0,226163.0,7.0,63.0,7.0
226,pharmacy,0x77de1710dF40E26B74fF9863D609a776683abE68,0xa921f6A5509b3266a8F16E1AEDb40c12374e3958,,,,,,,,,,,,,,,,,,,,,,0.5448629856109619,5.016358852386475,0.4449794292449951,874674.0,3245292.0,290757.0,9.0,81.0,9.0
227,pharmacy,0x9f8e534A5E548149075c2d257a8fe789be94fFE3,0x0a375D2c18ED5bAE7846860e129386013F28f28c,,,,,,,,,,,,,,,,,,,,,,0.4345285892486572,3.7361819744110107,0.3436431884765625,683654.0,2524284.0,226163.0,7.0,63.0,7.0
228,pharmacy,0x6b9696F09E63642F24B24a28842a4F9653Eb3646,0x186B9D5276eFB5c03e764222073df286D324d21C,,,,,,,,,,,,,,,,,,,,,,0.31420326232910156,2.71010684967041,0.2673492431640625,492610.0,1803060.0,161545.0,5.0,45.0,5.0
229,pharmacy,0x2321c63f207A8c204Ccf40Bfec067dA1B20B0413,0x3eaF5119550a6Bdd11bCF6bf550C84F2EDF4D4Bb,,,,,,,,,,,,,,,,,,,,,,0.17635011672973633,1.6590807437896729,0.1458275318145752,301566.0,1081836.0,96927.0,3.0,27.0,3.0
230,pharmacy,0x4D4d056FBDC75229d6723C24458AEa4AFBB7E041,0x95367B661b0eaD6992C5C127938129d0f171A41c,,,,,,,,,,,,,,,,,,,,,,0.42389726638793945,3.7580907344818115,0.3460509777069092,683654.0,2524284.0,226163.0,7.0,63.0,7.0
231,pharmacy,0x3f4939d168C763C1177e7f7b9fC954b69Dc51aa0,0xFeF13984ED82D824145260903BB55bdb64c7e773,,,,,,,,,,,,,,,,,,,,,,0.4261019229888916,3.693817138671875,0.3549385070800781,683654.0,2524284.0,226163.0,7.0,63.0,7.0
232,pharmacy,0x6A6E19B4E4a36f2D092Ae52bAFEC660957e8E624,0x4bDf3f633e8bd05F63086ba26Ead58D84e899aD2,,,,,,,,,,,,,,,,,,,,,,0.20523476600646973,1.5791051387786865,0.1510939598083496,301554.0,1081728.0,96915.0,3.0,27.0,3.0
233,pharmacy,0xB6bEEe24e670503B8274Ad3839eEA2f3285C0B51,0x067A25247a004D62fCb20d486C14b1F61f412d9C,,,,,,,,,,,,,,,,,,,,,,0.5136435031890869,4.331438779830933,0.5517520904541016,779176.0,2884896.0,258472.0,8.0,72.0,8.0
234,pharmacy,0x0e824d25e40850E77aa0Aee722f35C21cbc59ba6,0x1639238a37c6Bfbcf7c26Ad89eb66903939a0099,,,,,,,,,,,,,,,,,,,,,,0.3699219226837158,3.1315503120422363,0.293886661529541,588132.0,2163672.0,193854.0,6.0,54.0,6.0
235,pharmacy,0x6Bd4C034a6C161443B26a737D498b7A7e3b15606,0xfa4B333A607d841e65190E598655C72EA71B46F2,,,,,,,,,,,,,,,,,,,,,,0.31041550636291504,2.6424906253814697,0.26597094535827637,492598.0,1802952.0,161533.0,5.0,45.0,5.0
236,pharmacy,0x8c58bFcc44a911a6Ed1804bF90ae186bD88d2C0b,0x19Cbdf3E923F808FeFB3F3e6837b7Ee76aEDe9D0,,,,,,,,,,,,,,,,,,,,,,0.24135422706604004,2.045851230621338,0.19987916946411133,397088.0,1442448.0,129236.0,4.0,36.0,4.0
237,pharmacy,0x711cd2CB8dD2c975AeaB2e725347f1dAc2B4dC34,0xc63B5EdFF16e94176474D41B499F61Cfb462a016,,,,,,,,,,,,,,,,,,,,,,0.2969236373901367,2.7334423065185547,0.2848532199859619,492598.0,1802952.0,161533.0,5.0,45.0,5.0
238,pharmacy,0x2fb1694124B9E32e8B57130171b9545002f67ccC,0xDA177E3cb5223DdCb42c58Bc2fd7238b7cF215f1,,,,,,,,,,,,,,,,,,,,,,0.3017432689666748,2.557425022125244,0.31134891510009766,492610.0,1803060.0,161545.0,5.0,45.0,5.0
239,pharmacy,0xcBCd8a40F13AFd7bA5d40543BC6e348E5e83D23c,0x06E7DEA5608c6999e4A7091a8317092fA1C04312,,,,,,,,,,,,,,,,,,,,,,0.29856109619140625,2.789980888366699,0.2421407699584961,492610.0,1803060.0,161545.0,5.0,45.0,5.0
240,pharmacy,0x49fb0664E8217bdeCd4b9125443d0968FD409c2f,0x68731c6fCe7424678040e1B6B2602F8450362F9F,,,,,,,,,,,,,,,,,,,,,,0.6647632122039795,5.949961185455322,0.5449800491333008,1065742.0,3966732.0,355399.0,11.0,99.0,11.0
241,pharmacy,0x7cBcb5a432112FAc97dd36308a9Ee05dd98F4ddf,0x8bf3C8aE64909AAE978F4f3CE3bF6c68591b5EeF,,,,,,,,,,,,,,,,,,,,,,0.5069193840026855,4.411698818206787,0.4642796516418457,779176.0,2884896.0,258472.0,8.0,72.0,8.0
242,pharmacy,0x7304B41D458E2717b5F22D2CbD6c82C9D51a9376,0x25f8e38392385e2193a887BEDe64032E727ca764,,,,,,,,,,,,,,,,,,,,,,0.30843019485473633,2.1253457069396973,0.2082219123840332,397088.0,1442448.0,129236.0,4.0,36.0,4.0
243,pharmacy,0x62B5a24a2D1E785b9C93aB5F84673C730C375C19,0xEd8BE9BE5495905C96c041253fbCF7D1e401790E,,,,,,,,,,,,,,,,,,,,,,0.4283144474029541,3.7489242553710938,0.4214787483215332,683642.0,2524176.0,226151.0,7.0,63.0,7.0
244,pharmacy,0x05630833a96ebBc8BEc2004380e60f9555f3d595,0x8B433b99645C226743c485521A31494108c76Df1,,,,,,,,,,,,,,,,,,,,,,0.4187438488006592,3.1919267177581787,0.28859472274780273,588132.0,2163672.0,193854.0,6.0,54.0,6.0
245,pharmacy,0xa1A1602BdfD10Cf0851E03fBde424a5748cB449f,0xDec36917526D731847418133128664EA84fAa09a,,,,,,,,,,,,,,,,,,,,,,0.11801958084106445,1.1974151134490967,0.09885764122009277,206044.0,721224.0,64618.0,2.0,18.0,2.0
246,pharmacy,0x53D6b20Ecc376C092542aE05993b2a057A9Ed2Dc,0xF5C137e53018A617c5Aa4ee29299964f726B6103,,,,,,,,,,,,,,,,,,,,,,0.12002158164978027,1.1555054187774658,0.09967660903930664,206044.0,721224.0,64618.0,2.0,18.0,2.0
247,pharmacy,0x7AFcb7D03D3a7A10D7b7C928DEaF9eA1b76B0a1A,0x470432c6b1Ae8b895E9A90716e8b9c1127254569,,,,,,,,,,,,,,,,,,,,,,0.4303863048553467,3.6050522327423096,0.3522799015045166,683654.0,2524284.0,226163.0,7.0,63.0,7.0
248,pharmacy,0x290D87C567D2Ce686c3D4fe2fd525E8f99F9E32b,0x9CBeaab7cFDEA6393C42097f39F88128f7963A50,,,,,,,,,,,,,,,,,,,,,,0.38382911682128906,3.234995126724243,0.3057372570037842,588120.0,2163564.0,193842.0,6.0,54.0,6.0
249,pharmacy,0x0b9453788281E1868E39DbA23277eB628057Ca37,0x4278231230BC5f75c6F1475Ff0d716475eD3f0d9,,,,,,,,,,,,,,,,,,,,,,0.6833944320678711,6.06075382232666,0.649317741394043,1065730.0,3966624.0,355387.0,11.0,99.0,11.0
